{
  "id": "2c36f445-c81a-4538-93f8-7c956600dfd4",
  "name": "company",
  "isOverridable": true,
  "entries": [
    {
      "value": "Walmart",
      "synonyms": [
        "Walmart"
      ]
    },
    {
      "value": "Exxon Mobil",
      "synonyms": [
        "Exxon Mobil"
      ]
    },
    {
      "value": "Apple",
      "synonyms": [
        "Apple"
      ]
    },
    {
      "value": "Berkshire Hathaway",
      "synonyms": [
        "Berkshire Hathaway"
      ]
    },
    {
      "value": "McKesson",
      "synonyms": [
        "McKesson"
      ]
    },
    {
      "value": "UnitedHealth Group",
      "synonyms": [
        "UnitedHealth Group"
      ]
    },
    {
      "value": "CVS Health",
      "synonyms": [
        "CVS Health"
      ]
    },
    {
      "value": "General Motors",
      "synonyms": [
        "General Motors"
      ]
    },
    {
      "value": "Ford Motor",
      "synonyms": [
        "Ford Motor"
      ]
    },
    {
      "value": "AT\u0026T",
      "synonyms": [
        "AT\u0026T"
      ]
    },
    {
      "value": "General Electric",
      "synonyms": [
        "General Electric"
      ]
    },
    {
      "value": "AmerisourceBergen",
      "synonyms": [
        "AmerisourceBergen"
      ]
    },
    {
      "value": "Verizon",
      "synonyms": [
        "Verizon"
      ]
    },
    {
      "value": "Chevron",
      "synonyms": [
        "Chevron"
      ]
    },
    {
      "value": "Costco",
      "synonyms": [
        "Costco"
      ]
    },
    {
      "value": "Fannie Mae",
      "synonyms": [
        "Fannie Mae"
      ]
    },
    {
      "value": "Kroger",
      "synonyms": [
        "Kroger"
      ]
    },
    {
      "value": "Amazon.com",
      "synonyms": [
        "Amazon.com"
      ]
    },
    {
      "value": "Walgreens Boots Alliance",
      "synonyms": [
        "Walgreens Boots Alliance"
      ]
    },
    {
      "value": "HP",
      "synonyms": [
        "HP"
      ]
    },
    {
      "value": "Cardinal Health",
      "synonyms": [
        "Cardinal Health"
      ]
    },
    {
      "value": "Express Scripts Holding",
      "synonyms": [
        "Express Scripts Holding"
      ]
    },
    {
      "value": "J.P. Morgan Chase",
      "synonyms": [
        "J.P. Morgan Chase"
      ]
    },
    {
      "value": "Boeing",
      "synonyms": [
        "Boeing"
      ]
    },
    {
      "value": "Microsoft",
      "synonyms": [
        "Microsoft"
      ]
    },
    {
      "value": "Bank of America Corp.",
      "synonyms": [
        "Bank of America Corp."
      ]
    },
    {
      "value": "Wells Fargo",
      "synonyms": [
        "Wells Fargo"
      ]
    },
    {
      "value": "Home Depot",
      "synonyms": [
        "Home Depot"
      ]
    },
    {
      "value": "Citigroup",
      "synonyms": [
        "Citigroup"
      ]
    },
    {
      "value": "Phillips 66",
      "synonyms": [
        "Phillips 66"
      ]
    },
    {
      "value": "IBM",
      "synonyms": [
        "IBM"
      ]
    },
    {
      "value": "Valero Energy",
      "synonyms": [
        "Valero Energy"
      ]
    },
    {
      "value": "Anthem",
      "synonyms": [
        "Anthem"
      ]
    },
    {
      "value": "Procter \u0026 Gamble",
      "synonyms": [
        "Procter \u0026 Gamble"
      ]
    },
    {
      "value": "State Farm Insurance Cos.",
      "synonyms": [
        "State Farm Insurance Cos."
      ]
    },
    {
      "value": "Alphabet",
      "synonyms": [
        "Alphabet"
      ]
    },
    {
      "value": "Comcast",
      "synonyms": [
        "Comcast"
      ]
    },
    {
      "value": "Target",
      "synonyms": [
        "Target"
      ]
    },
    {
      "value": "Johnson \u0026 Johnson",
      "synonyms": [
        "Johnson \u0026 Johnson"
      ]
    },
    {
      "value": "MetLife",
      "synonyms": [
        "MetLife"
      ]
    },
    {
      "value": "Archer Daniels Midland",
      "synonyms": [
        "Archer Daniels Midland"
      ]
    },
    {
      "value": "Marathon Petroleum",
      "synonyms": [
        "Marathon Petroleum"
      ]
    },
    {
      "value": "Freddie Mac",
      "synonyms": [
        "Freddie Mac"
      ]
    },
    {
      "value": "PepsiCo",
      "synonyms": [
        "PepsiCo"
      ]
    },
    {
      "value": "United Technologies",
      "synonyms": [
        "United Technologies"
      ]
    },
    {
      "value": "Aetna",
      "synonyms": [
        "Aetna"
      ]
    },
    {
      "value": "Lowe\u0027s",
      "synonyms": [
        "Lowe\u0027s"
      ]
    },
    {
      "value": "UPS",
      "synonyms": [
        "UPS"
      ]
    },
    {
      "value": "AIG",
      "synonyms": [
        "AIG"
      ]
    },
    {
      "value": "Prudential Financial",
      "synonyms": [
        "Prudential Financial"
      ]
    },
    {
      "value": "Intel",
      "synonyms": [
        "Intel"
      ]
    },
    {
      "value": "Humana",
      "synonyms": [
        "Humana"
      ]
    },
    {
      "value": "Disney",
      "synonyms": [
        "Disney"
      ]
    },
    {
      "value": "Cisco Systems",
      "synonyms": [
        "Cisco Systems"
      ]
    },
    {
      "value": "Pfizer",
      "synonyms": [
        "Pfizer"
      ]
    },
    {
      "value": "Dow Chemical",
      "synonyms": [
        "Dow Chemical"
      ]
    },
    {
      "value": "Sysco",
      "synonyms": [
        "Sysco"
      ]
    },
    {
      "value": "FedEx",
      "synonyms": [
        "FedEx"
      ]
    },
    {
      "value": "Caterpillar",
      "synonyms": [
        "Caterpillar"
      ]
    },
    {
      "value": "Lockheed Martin",
      "synonyms": [
        "Lockheed Martin"
      ]
    },
    {
      "value": "New York Life Insurance",
      "synonyms": [
        "New York Life Insurance"
      ]
    },
    {
      "value": "Coca-Cola",
      "synonyms": [
        "Coca-Cola"
      ]
    },
    {
      "value": "HCA Holdings",
      "synonyms": [
        "HCA Holdings"
      ]
    },
    {
      "value": "Ingram Micro",
      "synonyms": [
        "Ingram Micro"
      ]
    },
    {
      "value": "Energy Transfer Equity",
      "synonyms": [
        "Energy Transfer Equity"
      ]
    },
    {
      "value": "Tyson Foods",
      "synonyms": [
        "Tyson Foods"
      ]
    },
    {
      "value": "American Airlines Group",
      "synonyms": [
        "American Airlines Group"
      ]
    },
    {
      "value": "Delta Air Lines",
      "synonyms": [
        "Delta Air Lines"
      ]
    },
    {
      "value": "Nationwide",
      "synonyms": [
        "Nationwide"
      ]
    },
    {
      "value": "Johnson Controls",
      "synonyms": [
        "Johnson Controls"
      ]
    },
    {
      "value": "Best Buy",
      "synonyms": [
        "Best Buy"
      ]
    },
    {
      "value": "Merck",
      "synonyms": [
        "Merck"
      ]
    },
    {
      "value": "Liberty Mutual Insurance Group",
      "synonyms": [
        "Liberty Mutual Insurance Group"
      ]
    },
    {
      "value": "Goldman Sachs Group",
      "synonyms": [
        "Goldman Sachs Group"
      ]
    },
    {
      "value": "Honeywell International",
      "synonyms": [
        "Honeywell International"
      ]
    },
    {
      "value": "Massachusetts Mutual Life Insurance",
      "synonyms": [
        "Massachusetts Mutual Life Insurance"
      ]
    },
    {
      "value": "Oracle",
      "synonyms": [
        "Oracle"
      ]
    },
    {
      "value": "Morgan Stanley",
      "synonyms": [
        "Morgan Stanley"
      ]
    },
    {
      "value": "Cigna",
      "synonyms": [
        "Cigna"
      ]
    },
    {
      "value": "United Continental Holdings",
      "synonyms": [
        "United Continental Holdings"
      ]
    },
    {
      "value": "Allstate",
      "synonyms": [
        "Allstate"
      ]
    },
    {
      "value": "TIAA",
      "synonyms": [
        "TIAA"
      ]
    },
    {
      "value": "INTL FCStone",
      "synonyms": [
        "INTL FCStone"
      ]
    },
    {
      "value": "CHS",
      "synonyms": [
        "CHS"
      ]
    },
    {
      "value": "American Express",
      "synonyms": [
        "American Express"
      ]
    },
    {
      "value": "Gilead Sciences",
      "synonyms": [
        "Gilead Sciences"
      ]
    },
    {
      "value": "Publix Super Markets",
      "synonyms": [
        "Publix Super Markets"
      ]
    },
    {
      "value": "General Dynamics",
      "synonyms": [
        "General Dynamics"
      ]
    },
    {
      "value": "TJX",
      "synonyms": [
        "TJX"
      ]
    },
    {
      "value": "ConocoPhillips",
      "synonyms": [
        "ConocoPhillips"
      ]
    },
    {
      "value": "Nike",
      "synonyms": [
        "Nike"
      ]
    },
    {
      "value": "World Fuel Services",
      "synonyms": [
        "World Fuel Services"
      ]
    },
    {
      "value": "3M",
      "synonyms": [
        "3M"
      ]
    },
    {
      "value": "Mondelez International",
      "synonyms": [
        "Mondelez International"
      ]
    },
    {
      "value": "Exelon",
      "synonyms": [
        "Exelon"
      ]
    },
    {
      "value": "Twenty-First Century Fox",
      "synonyms": [
        "Twenty-First Century Fox"
      ]
    },
    {
      "value": "Deere",
      "synonyms": [
        "Deere"
      ]
    },
    {
      "value": "Tesoro",
      "synonyms": [
        "Tesoro"
      ]
    },
    {
      "value": "Time Warner",
      "synonyms": [
        "Time Warner"
      ]
    },
    {
      "value": "Northwestern Mutual",
      "synonyms": [
        "Northwestern Mutual"
      ]
    },
    {
      "value": "DuPont",
      "synonyms": [
        "DuPont"
      ]
    },
    {
      "value": "Avnet",
      "synonyms": [
        "Avnet"
      ]
    },
    {
      "value": "Macy\u0027s",
      "synonyms": [
        "Macy\u0027s"
      ]
    },
    {
      "value": "Enterprise Products Partners",
      "synonyms": [
        "Enterprise Products Partners"
      ]
    },
    {
      "value": "Travelers Cos.",
      "synonyms": [
        "Travelers Cos."
      ]
    },
    {
      "value": "Philip Morris International",
      "synonyms": [
        "Philip Morris International"
      ]
    },
    {
      "value": "Rite Aid",
      "synonyms": [
        "Rite Aid"
      ]
    },
    {
      "value": "Tech Data",
      "synonyms": [
        "Tech Data"
      ]
    },
    {
      "value": "McDonald\u0027s",
      "synonyms": [
        "McDonald\u0027s"
      ]
    },
    {
      "value": "Qualcomm",
      "synonyms": [
        "Qualcomm"
      ]
    },
    {
      "value": "Sears Holdings",
      "synonyms": [
        "Sears Holdings"
      ]
    },
    {
      "value": "Capital One Financial",
      "synonyms": [
        "Capital One Financial"
      ]
    },
    {
      "value": "EMC",
      "synonyms": [
        "EMC"
      ]
    },
    {
      "value": "USAA",
      "synonyms": [
        "USAA"
      ]
    },
    {
      "value": "Duke Energy",
      "synonyms": [
        "Duke Energy"
      ]
    },
    {
      "value": "Time Warner Cable",
      "synonyms": [
        "Time Warner Cable"
      ]
    },
    {
      "value": "Halliburton",
      "synonyms": [
        "Halliburton"
      ]
    },
    {
      "value": "Northrop Grumman",
      "synonyms": [
        "Northrop Grumman"
      ]
    },
    {
      "value": "Arrow Electronics",
      "synonyms": [
        "Arrow Electronics"
      ]
    },
    {
      "value": "Raytheon",
      "synonyms": [
        "Raytheon"
      ]
    },
    {
      "value": "Plains GP Holdings",
      "synonyms": [
        "Plains GP Holdings"
      ]
    },
    {
      "value": "US Foods Holding",
      "synonyms": [
        "US Foods Holding"
      ]
    },
    {
      "value": "AbbVie",
      "synonyms": [
        "AbbVie"
      ]
    },
    {
      "value": "Centene",
      "synonyms": [
        "Centene"
      ]
    },
    {
      "value": "Community Health Systems",
      "synonyms": [
        "Community Health Systems"
      ]
    },
    {
      "value": "Alcoa",
      "synonyms": [
        "Alcoa"
      ]
    },
    {
      "value": "International Paper",
      "synonyms": [
        "International Paper"
      ]
    },
    {
      "value": "Emerson Electric",
      "synonyms": [
        "Emerson Electric"
      ]
    },
    {
      "value": "Union Pacific",
      "synonyms": [
        "Union Pacific"
      ]
    },
    {
      "value": "Amgen",
      "synonyms": [
        "Amgen"
      ]
    },
    {
      "value": "U.S. Bancorp",
      "synonyms": [
        "U.S. Bancorp"
      ]
    },
    {
      "value": "Staples",
      "synonyms": [
        "Staples"
      ]
    },
    {
      "value": "Danaher",
      "synonyms": [
        "Danaher"
      ]
    },
    {
      "value": "Whirlpool",
      "synonyms": [
        "Whirlpool"
      ]
    },
    {
      "value": "Aflac",
      "synonyms": [
        "Aflac"
      ]
    },
    {
      "value": "AutoNation",
      "synonyms": [
        "AutoNation"
      ]
    },
    {
      "value": "Progressive",
      "synonyms": [
        "Progressive"
      ]
    },
    {
      "value": "Abbott Laboratories",
      "synonyms": [
        "Abbott Laboratories"
      ]
    },
    {
      "value": "Dollar General",
      "synonyms": [
        "Dollar General"
      ]
    },
    {
      "value": "Tenet Healthcare",
      "synonyms": [
        "Tenet Healthcare"
      ]
    },
    {
      "value": "Eli Lilly",
      "synonyms": [
        "Eli Lilly"
      ]
    },
    {
      "value": "Southwest Airlines",
      "synonyms": [
        "Southwest Airlines"
      ]
    },
    {
      "value": "Penske Automotive Group",
      "synonyms": [
        "Penske Automotive Group"
      ]
    },
    {
      "value": "ManpowerGroup",
      "synonyms": [
        "ManpowerGroup"
      ]
    },
    {
      "value": "Kohl\u0027s",
      "synonyms": [
        "Kohl\u0027s"
      ]
    },
    {
      "value": "Starbucks",
      "synonyms": [
        "Starbucks"
      ]
    },
    {
      "value": "Paccar",
      "synonyms": [
        "Paccar"
      ]
    },
    {
      "value": "Cummins",
      "synonyms": [
        "Cummins"
      ]
    },
    {
      "value": "Altria Group",
      "synonyms": [
        "Altria Group"
      ]
    },
    {
      "value": "Xerox",
      "synonyms": [
        "Xerox"
      ]
    },
    {
      "value": "Kimberly-Clark",
      "synonyms": [
        "Kimberly-Clark"
      ]
    },
    {
      "value": "Hartford Financial Services Group",
      "synonyms": [
        "Hartford Financial Services Group"
      ]
    },
    {
      "value": "Kraft Heinz",
      "synonyms": [
        "Kraft Heinz"
      ]
    },
    {
      "value": "Lear",
      "synonyms": [
        "Lear"
      ]
    },
    {
      "value": "Fluor",
      "synonyms": [
        "Fluor"
      ]
    },
    {
      "value": "AECOM",
      "synonyms": [
        "AECOM"
      ]
    },
    {
      "value": "Facebook",
      "synonyms": [
        "Facebook"
      ]
    },
    {
      "value": "Jabil Circuit",
      "synonyms": [
        "Jabil Circuit"
      ]
    },
    {
      "value": "CenturyLink",
      "synonyms": [
        "CenturyLink"
      ]
    },
    {
      "value": "Supervalu",
      "synonyms": [
        "Supervalu"
      ]
    },
    {
      "value": "General Mills",
      "synonyms": [
        "General Mills"
      ]
    },
    {
      "value": "Southern",
      "synonyms": [
        "Southern"
      ]
    },
    {
      "value": "NextEra Energy",
      "synonyms": [
        "NextEra Energy"
      ]
    },
    {
      "value": "Thermo Fisher Scientific",
      "synonyms": [
        "Thermo Fisher Scientific"
      ]
    },
    {
      "value": "American Electric Power",
      "synonyms": [
        "American Electric Power"
      ]
    },
    {
      "value": "PG\u0026E Corp.",
      "synonyms": [
        "PG\u0026E Corp."
      ]
    },
    {
      "value": "NGL Energy Partners",
      "synonyms": [
        "NGL Energy Partners"
      ]
    },
    {
      "value": "Bristol-Myers Squibb",
      "synonyms": [
        "Bristol-Myers Squibb"
      ]
    },
    {
      "value": "Goodyear Tire \u0026 Rubber",
      "synonyms": [
        "Goodyear Tire \u0026 Rubber"
      ]
    },
    {
      "value": "Nucor",
      "synonyms": [
        "Nucor"
      ]
    },
    {
      "value": "PNC Financial Services Group",
      "synonyms": [
        "PNC Financial Services Group"
      ]
    },
    {
      "value": "Health Net",
      "synonyms": [
        "Health Net"
      ]
    },
    {
      "value": "Micron Technology",
      "synonyms": [
        "Micron Technology"
      ]
    },
    {
      "value": "Colgate-Palmolive",
      "synonyms": [
        "Colgate-Palmolive"
      ]
    },
    {
      "value": "Freeport-McMoRan",
      "synonyms": [
        "Freeport-McMoRan"
      ]
    },
    {
      "value": "ConAgra Foods",
      "synonyms": [
        "ConAgra Foods"
      ]
    },
    {
      "value": "Gap",
      "synonyms": [
        "Gap"
      ]
    },
    {
      "value": "Baker Hughes",
      "synonyms": [
        "Baker Hughes"
      ]
    },
    {
      "value": "Bank of New York Mellon Corp.",
      "synonyms": [
        "Bank of New York Mellon Corp."
      ]
    },
    {
      "value": "Dollar Tree",
      "synonyms": [
        "Dollar Tree"
      ]
    },
    {
      "value": "Whole Foods Market",
      "synonyms": [
        "Whole Foods Market"
      ]
    },
    {
      "value": "PPG Industries",
      "synonyms": [
        "PPG Industries"
      ]
    },
    {
      "value": "Genuine Parts",
      "synonyms": [
        "Genuine Parts"
      ]
    },
    {
      "value": "Icahn Enterprises",
      "synonyms": [
        "Icahn Enterprises"
      ]
    },
    {
      "value": "Performance Food Group",
      "synonyms": [
        "Performance Food Group"
      ]
    },
    {
      "value": "Omnicom Group",
      "synonyms": [
        "Omnicom Group"
      ]
    },
    {
      "value": "DISH Network",
      "synonyms": [
        "DISH Network"
      ]
    },
    {
      "value": "FirstEnergy",
      "synonyms": [
        "FirstEnergy"
      ]
    },
    {
      "value": "Monsanto",
      "synonyms": [
        "Monsanto"
      ]
    },
    {
      "value": "AES",
      "synonyms": [
        "AES"
      ]
    },
    {
      "value": "CarMax",
      "synonyms": [
        "CarMax"
      ]
    },
    {
      "value": "National Oilwell Varco",
      "synonyms": [
        "National Oilwell Varco"
      ]
    },
    {
      "value": "NRG Energy",
      "synonyms": [
        "NRG Energy"
      ]
    },
    {
      "value": "Western Digital",
      "synonyms": [
        "Western Digital"
      ]
    },
    {
      "value": "Marriott International",
      "synonyms": [
        "Marriott International"
      ]
    },
    {
      "value": "Office Depot",
      "synonyms": [
        "Office Depot"
      ]
    },
    {
      "value": "Nordstrom",
      "synonyms": [
        "Nordstrom"
      ]
    },
    {
      "value": "Kinder Morgan",
      "synonyms": [
        "Kinder Morgan"
      ]
    },
    {
      "value": "Aramark",
      "synonyms": [
        "Aramark"
      ]
    },
    {
      "value": "DaVita HealthCare Partners",
      "synonyms": [
        "DaVita HealthCare Partners"
      ]
    },
    {
      "value": "Molina Healthcare",
      "synonyms": [
        "Molina Healthcare"
      ]
    },
    {
      "value": "WellCare Health Plans",
      "synonyms": [
        "WellCare Health Plans"
      ]
    },
    {
      "value": "CBS",
      "synonyms": [
        "CBS"
      ]
    },
    {
      "value": "Visa",
      "synonyms": [
        "Visa"
      ]
    },
    {
      "value": "Lincoln National",
      "synonyms": [
        "Lincoln National"
      ]
    },
    {
      "value": "Ecolab",
      "synonyms": [
        "Ecolab"
      ]
    },
    {
      "value": "Kellogg",
      "synonyms": [
        "Kellogg"
      ]
    },
    {
      "value": "C.H. Robinson Worldwide",
      "synonyms": [
        "C.H. Robinson Worldwide"
      ]
    },
    {
      "value": "Textron",
      "synonyms": [
        "Textron"
      ]
    },
    {
      "value": "Loews",
      "synonyms": [
        "Loews"
      ]
    },
    {
      "value": "Illinois Tool Works",
      "synonyms": [
        "Illinois Tool Works"
      ]
    },
    {
      "value": "Synnex",
      "synonyms": [
        "Synnex"
      ]
    },
    {
      "value": "Viacom",
      "synonyms": [
        "Viacom"
      ]
    },
    {
      "value": "HollyFrontier",
      "synonyms": [
        "HollyFrontier"
      ]
    },
    {
      "value": "Land O\u0027Lakes",
      "synonyms": [
        "Land O\u0027Lakes"
      ]
    },
    {
      "value": "Devon Energy",
      "synonyms": [
        "Devon Energy"
      ]
    },
    {
      "value": "PBF Energy",
      "synonyms": [
        "PBF Energy"
      ]
    },
    {
      "value": "Yum Brands",
      "synonyms": [
        "Yum Brands"
      ]
    },
    {
      "value": "Texas Instruments",
      "synonyms": [
        "Texas Instruments"
      ]
    },
    {
      "value": "CDW",
      "synonyms": [
        "CDW"
      ]
    },
    {
      "value": "Waste Management",
      "synonyms": [
        "Waste Management"
      ]
    },
    {
      "value": "Marsh \u0026 McLennan",
      "synonyms": [
        "Marsh \u0026 McLennan"
      ]
    },
    {
      "value": "Chesapeake Energy",
      "synonyms": [
        "Chesapeake Energy"
      ]
    },
    {
      "value": "Parker-Hannifin",
      "synonyms": [
        "Parker-Hannifin"
      ]
    },
    {
      "value": "Occidental Petroleum",
      "synonyms": [
        "Occidental Petroleum"
      ]
    },
    {
      "value": "Guardian Life Ins. Co. of America",
      "synonyms": [
        "Guardian Life Ins. Co. of America"
      ]
    },
    {
      "value": "Farmers Insurance Exchange",
      "synonyms": [
        "Farmers Insurance Exchange"
      ]
    },
    {
      "value": "J.C. Penney",
      "synonyms": [
        "J.C. Penney"
      ]
    },
    {
      "value": "Consolidated Edison",
      "synonyms": [
        "Consolidated Edison"
      ]
    },
    {
      "value": "Cognizant Technology Solutions",
      "synonyms": [
        "Cognizant Technology Solutions"
      ]
    },
    {
      "value": "VF",
      "synonyms": [
        "VF"
      ]
    },
    {
      "value": "Ameriprise Financial",
      "synonyms": [
        "Ameriprise Financial"
      ]
    },
    {
      "value": "Computer Sciences",
      "synonyms": [
        "Computer Sciences"
      ]
    },
    {
      "value": "L Brands",
      "synonyms": [
        "L Brands"
      ]
    },
    {
      "value": "Jacobs Engineering Group",
      "synonyms": [
        "Jacobs Engineering Group"
      ]
    },
    {
      "value": "Principal Financial",
      "synonyms": [
        "Principal Financial"
      ]
    },
    {
      "value": "Ross Stores",
      "synonyms": [
        "Ross Stores"
      ]
    },
    {
      "value": "Bed Bath \u0026 Beyond",
      "synonyms": [
        "Bed Bath \u0026 Beyond"
      ]
    },
    {
      "value": "CSX",
      "synonyms": [
        "CSX"
      ]
    },
    {
      "value": "Toys \"R\" Us",
      "synonyms": [
        "Toys \"R\" Us"
      ]
    },
    {
      "value": "Las Vegas Sands",
      "synonyms": [
        "Las Vegas Sands"
      ]
    },
    {
      "value": "Leucadia National",
      "synonyms": [
        "Leucadia National"
      ]
    },
    {
      "value": "Dominion Resources",
      "synonyms": [
        "Dominion Resources"
      ]
    },
    {
      "value": "United States Steel",
      "synonyms": [
        "United States Steel"
      ]
    },
    {
      "value": "L-3 Communications",
      "synonyms": [
        "L-3 Communications"
      ]
    },
    {
      "value": "Edison International",
      "synonyms": [
        "Edison International"
      ]
    },
    {
      "value": "Entergy",
      "synonyms": [
        "Entergy"
      ]
    },
    {
      "value": "ADP",
      "synonyms": [
        "ADP"
      ]
    },
    {
      "value": "First Data",
      "synonyms": [
        "First Data"
      ]
    },
    {
      "value": "BlackRock",
      "synonyms": [
        "BlackRock"
      ]
    },
    {
      "value": "WestRock",
      "synonyms": [
        "WestRock"
      ]
    },
    {
      "value": "Voya Financial",
      "synonyms": [
        "Voya Financial"
      ]
    },
    {
      "value": "Sherwin-Williams",
      "synonyms": [
        "Sherwin-Williams"
      ]
    },
    {
      "value": "Hilton Worldwide Holdings",
      "synonyms": [
        "Hilton Worldwide Holdings"
      ]
    },
    {
      "value": "R.R. Donnelley \u0026 Sons",
      "synonyms": [
        "R.R. Donnelley \u0026 Sons"
      ]
    },
    {
      "value": "Stanley Black \u0026 Decker",
      "synonyms": [
        "Stanley Black \u0026 Decker"
      ]
    },
    {
      "value": "Xcel Energy",
      "synonyms": [
        "Xcel Energy"
      ]
    },
    {
      "value": "Murphy USA,corporate.murphyusa.com",
      "synonyms": [
        "Murphy USA,corporate.murphyusa.com"
      ]
    },
    {
      "value": "CBRE Group",
      "synonyms": [
        "CBRE Group"
      ]
    },
    {
      "value": "D.R. Horton",
      "synonyms": [
        "D.R. Horton"
      ]
    },
    {
      "value": "Estee Lauder",
      "synonyms": [
        "Estee Lauder"
      ]
    },
    {
      "value": "Praxair",
      "synonyms": [
        "Praxair"
      ]
    },
    {
      "value": "Biogen",
      "synonyms": [
        "Biogen"
      ]
    },
    {
      "value": "State Street Corp.",
      "synonyms": [
        "State Street Corp."
      ]
    },
    {
      "value": "Unum Group",
      "synonyms": [
        "Unum Group"
      ]
    },
    {
      "value": "Reynolds American",
      "synonyms": [
        "Reynolds American"
      ]
    },
    {
      "value": "Group 1 Automotive",
      "synonyms": [
        "Group 1 Automotive"
      ]
    },
    {
      "value": "Henry Schein",
      "synonyms": [
        "Henry Schein"
      ]
    },
    {
      "value": "Hertz Global Holdings",
      "synonyms": [
        "Hertz Global Holdings"
      ]
    },
    {
      "value": "Norfolk Southern",
      "synonyms": [
        "Norfolk Southern"
      ]
    },
    {
      "value": "Reinsurance Group of America",
      "synonyms": [
        "Reinsurance Group of America"
      ]
    },
    {
      "value": "Public Service Enterprise Group",
      "synonyms": [
        "Public Service Enterprise Group"
      ]
    },
    {
      "value": "BB\u0026T Corp.",
      "synonyms": [
        "BB\u0026T Corp."
      ]
    },
    {
      "value": "DTE Energy",
      "synonyms": [
        "DTE Energy"
      ]
    },
    {
      "value": "Assurant",
      "synonyms": [
        "Assurant"
      ]
    },
    {
      "value": "Global Partners",
      "synonyms": [
        "Global Partners"
      ]
    },
    {
      "value": "Huntsman",
      "synonyms": [
        "Huntsman"
      ]
    },
    {
      "value": "Becton Dickinson",
      "synonyms": [
        "Becton Dickinson"
      ]
    },
    {
      "value": "Sempra Energy",
      "synonyms": [
        "Sempra Energy"
      ]
    },
    {
      "value": "AutoZone",
      "synonyms": [
        "AutoZone"
      ]
    },
    {
      "value": "Navistar International",
      "synonyms": [
        "Navistar International"
      ]
    },
    {
      "value": "Precision Castparts",
      "synonyms": [
        "Precision Castparts"
      ]
    },
    {
      "value": "Discover Financial Services",
      "synonyms": [
        "Discover Financial Services"
      ]
    },
    {
      "value": "Liberty Interactive",
      "synonyms": [
        "Liberty Interactive"
      ]
    },
    {
      "value": "W.W. Grainger",
      "synonyms": [
        "W.W. Grainger"
      ]
    },
    {
      "value": "Baxter International",
      "synonyms": [
        "Baxter International"
      ]
    },
    {
      "value": "Stryker",
      "synonyms": [
        "Stryker"
      ]
    },
    {
      "value": "Air Products \u0026 Chemicals",
      "synonyms": [
        "Air Products \u0026 Chemicals"
      ]
    },
    {
      "value": "Western Refining",
      "synonyms": [
        "Western Refining"
      ]
    },
    {
      "value": "Universal Health Services",
      "synonyms": [
        "Universal Health Services"
      ]
    },
    {
      "value": "Owens \u0026 Minor",
      "synonyms": [
        "Owens \u0026 Minor"
      ]
    },
    {
      "value": "Charter Communications",
      "synonyms": [
        "Charter Communications"
      ]
    },
    {
      "value": "Advance Auto Parts",
      "synonyms": [
        "Advance Auto Parts"
      ]
    },
    {
      "value": "MasterCard",
      "synonyms": [
        "MasterCard"
      ]
    },
    {
      "value": "Applied Materials",
      "synonyms": [
        "Applied Materials"
      ]
    },
    {
      "value": "Eastman Chemical",
      "synonyms": [
        "Eastman Chemical"
      ]
    },
    {
      "value": "Sonic Automotive",
      "synonyms": [
        "Sonic Automotive"
      ]
    },
    {
      "value": "Ally Financial",
      "synonyms": [
        "Ally Financial"
      ]
    },
    {
      "value": "CST Brands",
      "synonyms": [
        "CST Brands"
      ]
    },
    {
      "value": "eBay",
      "synonyms": [
        "eBay"
      ]
    },
    {
      "value": "Lennar",
      "synonyms": [
        "Lennar"
      ]
    },
    {
      "value": "GameStop",
      "synonyms": [
        "GameStop"
      ]
    },
    {
      "value": "Reliance Steel \u0026 Aluminum",
      "synonyms": [
        "Reliance Steel \u0026 Aluminum"
      ]
    },
    {
      "value": "Hormel Foods",
      "synonyms": [
        "Hormel Foods"
      ]
    },
    {
      "value": "Celgene",
      "synonyms": [
        "Celgene"
      ]
    },
    {
      "value": "Genworth Financial",
      "synonyms": [
        "Genworth Financial"
      ]
    },
    {
      "value": "PayPal Holdings",
      "synonyms": [
        "PayPal Holdings"
      ]
    },
    {
      "value": "Priceline Group",
      "synonyms": [
        "Priceline Group"
      ]
    },
    {
      "value": "MGM Resorts International",
      "synonyms": [
        "MGM Resorts International"
      ]
    },
    {
      "value": "Autoliv",
      "synonyms": [
        "Autoliv"
      ]
    },
    {
      "value": "Fidelity National Financial",
      "synonyms": [
        "Fidelity National Financial"
      ]
    },
    {
      "value": "Republic Services",
      "synonyms": [
        "Republic Services"
      ]
    },
    {
      "value": "Corning",
      "synonyms": [
        "Corning"
      ]
    },
    {
      "value": "Peter Kiewit Sons\u0027",
      "synonyms": [
        "Peter Kiewit Sons\u0027"
      ]
    },
    {
      "value": "Univar",
      "synonyms": [
        "Univar"
      ]
    },
    {
      "value": "Mosaic",
      "synonyms": [
        "Mosaic"
      ]
    },
    {
      "value": "Core-Mark Holding",
      "synonyms": [
        "Core-Mark Holding"
      ]
    },
    {
      "value": "Thrivent Financial for Lutherans",
      "synonyms": [
        "Thrivent Financial for Lutherans"
      ]
    },
    {
      "value": "Cameron International",
      "synonyms": [
        "Cameron International"
      ]
    },
    {
      "value": "HD Supply Holdings",
      "synonyms": [
        "HD Supply Holdings"
      ]
    },
    {
      "value": "Crown Holdings",
      "synonyms": [
        "Crown Holdings"
      ]
    },
    {
      "value": "EOG Resources",
      "synonyms": [
        "EOG Resources"
      ]
    },
    {
      "value": "Veritiv",
      "synonyms": [
        "Veritiv"
      ]
    },
    {
      "value": "Anadarko Petroleum",
      "synonyms": [
        "Anadarko Petroleum"
      ]
    },
    {
      "value": "Laboratory Corp. of America",
      "synonyms": [
        "Laboratory Corp. of America"
      ]
    },
    {
      "value": "Pacific Life",
      "synonyms": [
        "Pacific Life"
      ]
    },
    {
      "value": "News Corp.",
      "synonyms": [
        "News Corp."
      ]
    },
    {
      "value": "Jarden",
      "synonyms": [
        "Jarden"
      ]
    },
    {
      "value": "SunTrust Banks",
      "synonyms": [
        "SunTrust Banks"
      ]
    },
    {
      "value": "Avis Budget Group",
      "synonyms": [
        "Avis Budget Group"
      ]
    },
    {
      "value": "Broadcom",
      "synonyms": [
        "Broadcom"
      ]
    },
    {
      "value": "American Family Insurance Group",
      "synonyms": [
        "American Family Insurance Group"
      ]
    },
    {
      "value": "Level 3 Communications",
      "synonyms": [
        "Level 3 Communications"
      ]
    },
    {
      "value": "Tenneco",
      "synonyms": [
        "Tenneco"
      ]
    },
    {
      "value": "United Natural Foods",
      "synonyms": [
        "United Natural Foods"
      ]
    },
    {
      "value": "Dean Foods",
      "synonyms": [
        "Dean Foods"
      ]
    },
    {
      "value": "Campbell Soup",
      "synonyms": [
        "Campbell Soup"
      ]
    },
    {
      "value": "Mohawk Industries",
      "synonyms": [
        "Mohawk Industries"
      ]
    },
    {
      "value": "BorgWarner",
      "synonyms": [
        "BorgWarner"
      ]
    },
    {
      "value": "PVH",
      "synonyms": [
        "PVH"
      ]
    },
    {
      "value": "Ball",
      "synonyms": [
        "Ball"
      ]
    },
    {
      "value": "O\u0027Reilly Automotive",
      "synonyms": [
        "O\u0027Reilly Automotive"
      ]
    },
    {
      "value": "Eversource Energy",
      "synonyms": [
        "Eversource Energy"
      ]
    },
    {
      "value": "Franklin Resources",
      "synonyms": [
        "Franklin Resources"
      ]
    },
    {
      "value": "Masco",
      "synonyms": [
        "Masco"
      ]
    },
    {
      "value": "Lithia Motors",
      "synonyms": [
        "Lithia Motors"
      ]
    },
    {
      "value": "KKR",
      "synonyms": [
        "KKR"
      ]
    },
    {
      "value": "Oneok",
      "synonyms": [
        "Oneok"
      ]
    },
    {
      "value": "Newmont Mining",
      "synonyms": [
        "Newmont Mining"
      ]
    },
    {
      "value": "PPL",
      "synonyms": [
        "PPL"
      ]
    },
    {
      "value": "SpartanNash",
      "synonyms": [
        "SpartanNash"
      ]
    },
    {
      "value": "Quanta Services",
      "synonyms": [
        "Quanta Services"
      ]
    },
    {
      "value": "XPO Logistics",
      "synonyms": [
        "XPO Logistics"
      ]
    },
    {
      "value": "Ralph Lauren",
      "synonyms": [
        "Ralph Lauren"
      ]
    },
    {
      "value": "Interpublic Group",
      "synonyms": [
        "Interpublic Group"
      ]
    },
    {
      "value": "Steel Dynamics",
      "synonyms": [
        "Steel Dynamics"
      ]
    },
    {
      "value": "WESCO International",
      "synonyms": [
        "WESCO International"
      ]
    },
    {
      "value": "Quest Diagnostics",
      "synonyms": [
        "Quest Diagnostics"
      ]
    },
    {
      "value": "Boston Scientific",
      "synonyms": [
        "Boston Scientific"
      ]
    },
    {
      "value": "AGCO",
      "synonyms": [
        "AGCO"
      ]
    },
    {
      "value": "Foot Locker",
      "synonyms": [
        "Foot Locker"
      ]
    },
    {
      "value": "Hershey",
      "synonyms": [
        "Hershey"
      ]
    },
    {
      "value": "CenterPoint Energy",
      "synonyms": [
        "CenterPoint Energy"
      ]
    },
    {
      "value": "Williams",
      "synonyms": [
        "Williams"
      ]
    },
    {
      "value": "Dick\u0027s Sporting Goods",
      "synonyms": [
        "Dick\u0027s Sporting Goods"
      ]
    },
    {
      "value": "Live Nation Entertainment",
      "synonyms": [
        "Live Nation Entertainment"
      ]
    },
    {
      "value": "Mutual of Omaha Insurance",
      "synonyms": [
        "Mutual of Omaha Insurance"
      ]
    },
    {
      "value": "W.R. Berkley",
      "synonyms": [
        "W.R. Berkley"
      ]
    },
    {
      "value": "LKQ",
      "synonyms": [
        "LKQ"
      ]
    },
    {
      "value": "Avon Products",
      "synonyms": [
        "Avon Products"
      ]
    },
    {
      "value": "Darden Restaurants",
      "synonyms": [
        "Darden Restaurants"
      ]
    },
    {
      "value": "Kindred Healthcare",
      "synonyms": [
        "Kindred Healthcare"
      ]
    },
    {
      "value": "Weyerhaeuser",
      "synonyms": [
        "Weyerhaeuser"
      ]
    },
    {
      "value": "Casey\u0027s General Stores",
      "synonyms": [
        "Casey\u0027s General Stores"
      ]
    },
    {
      "value": "Sealed Air",
      "synonyms": [
        "Sealed Air"
      ]
    },
    {
      "value": "Fifth Third Bancorp",
      "synonyms": [
        "Fifth Third Bancorp"
      ]
    },
    {
      "value": "Dover",
      "synonyms": [
        "Dover"
      ]
    },
    {
      "value": "Huntington Ingalls Industries",
      "synonyms": [
        "Huntington Ingalls Industries"
      ]
    },
    {
      "value": "Netflix",
      "synonyms": [
        "Netflix"
      ]
    },
    {
      "value": "Dillard\u0027s",
      "synonyms": [
        "Dillard\u0027s"
      ]
    },
    {
      "value": "EMCOR Group",
      "synonyms": [
        "EMCOR Group"
      ]
    },
    {
      "value": "Jones Financial",
      "synonyms": [
        "Jones Financial"
      ]
    },
    {
      "value": "AK Steel Holding",
      "synonyms": [
        "AK Steel Holding"
      ]
    },
    {
      "value": "UGI",
      "synonyms": [
        "UGI"
      ]
    },
    {
      "value": "Expedia",
      "synonyms": [
        "Expedia"
      ]
    },
    {
      "value": "salesforce.com",
      "synonyms": [
        "salesforce.com"
      ]
    },
    {
      "value": "Targa Resources",
      "synonyms": [
        "Targa Resources"
      ]
    },
    {
      "value": "Apache",
      "synonyms": [
        "Apache"
      ]
    },
    {
      "value": "Spirit AeroSystems Holdings",
      "synonyms": [
        "Spirit AeroSystems Holdings"
      ]
    },
    {
      "value": "Expeditors International of Washington",
      "synonyms": [
        "Expeditors International of Washington"
      ]
    },
    {
      "value": "Anixter International",
      "synonyms": [
        "Anixter International"
      ]
    },
    {
      "value": "Fidelity National Information Services",
      "synonyms": [
        "Fidelity National Information Services"
      ]
    },
    {
      "value": "Asbury Automotive Group",
      "synonyms": [
        "Asbury Automotive Group"
      ]
    },
    {
      "value": "Hess",
      "synonyms": [
        "Hess"
      ]
    },
    {
      "value": "Ryder System",
      "synonyms": [
        "Ryder System"
      ]
    },
    {
      "value": "Terex",
      "synonyms": [
        "Terex"
      ]
    },
    {
      "value": "Coca-Cola European Partners",
      "synonyms": [
        "Coca-Cola European Partners"
      ]
    },
    {
      "value": "Auto-Owners Insurance",
      "synonyms": [
        "Auto-Owners Insurance"
      ]
    },
    {
      "value": "Cablevision Systems",
      "synonyms": [
        "Cablevision Systems"
      ]
    },
    {
      "value": "Symantec",
      "synonyms": [
        "Symantec"
      ]
    },
    {
      "value": "Charles Schwab",
      "synonyms": [
        "Charles Schwab"
      ]
    },
    {
      "value": "Calpine",
      "synonyms": [
        "Calpine"
      ]
    },
    {
      "value": "CMS Energy",
      "synonyms": [
        "CMS Energy"
      ]
    },
    {
      "value": "Alliance Data Systems",
      "synonyms": [
        "Alliance Data Systems"
      ]
    },
    {
      "value": "JetBlue Airways",
      "synonyms": [
        "JetBlue Airways"
      ]
    },
    {
      "value": "Discovery Communications",
      "synonyms": [
        "Discovery Communications"
      ]
    },
    {
      "value": "Trinity Industries",
      "synonyms": [
        "Trinity Industries"
      ]
    },
    {
      "value": "Sanmina",
      "synonyms": [
        "Sanmina"
      ]
    },
    {
      "value": "NCR",
      "synonyms": [
        "NCR"
      ]
    },
    {
      "value": "FMC Technologies",
      "synonyms": [
        "FMC Technologies"
      ]
    },
    {
      "value": "Erie Insurance Group",
      "synonyms": [
        "Erie Insurance Group"
      ]
    },
    {
      "value": "Rockwell Automation",
      "synonyms": [
        "Rockwell Automation"
      ]
    },
    {
      "value": "Dr Pepper Snapple Group",
      "synonyms": [
        "Dr Pepper Snapple Group"
      ]
    },
    {
      "value": "iHeartMedia",
      "synonyms": [
        "iHeartMedia"
      ]
    },
    {
      "value": "Tractor Supply",
      "synonyms": [
        "Tractor Supply"
      ]
    },
    {
      "value": "J.B. Hunt Transport Services",
      "synonyms": [
        "J.B. Hunt Transport Services"
      ]
    },
    {
      "value": "Commercial Metals",
      "synonyms": [
        "Commercial Metals"
      ]
    },
    {
      "value": "Owens-Illinois",
      "synonyms": [
        "Owens-Illinois"
      ]
    },
    {
      "value": "Harman International Industries",
      "synonyms": [
        "Harman International Industries"
      ]
    },
    {
      "value": "Baxalta",
      "synonyms": [
        "Baxalta"
      ]
    },
    {
      "value": "American Financial Group",
      "synonyms": [
        "American Financial Group"
      ]
    },
    {
      "value": "NetApp",
      "synonyms": [
        "NetApp"
      ]
    },
    {
      "value": "Graybar Electric",
      "synonyms": [
        "Graybar Electric"
      ]
    },
    {
      "value": "Oshkosh",
      "synonyms": [
        "Oshkosh"
      ]
    },
    {
      "value": "Ameren",
      "synonyms": [
        "Ameren"
      ]
    },
    {
      "value": "A-Mark Precious Metals",
      "synonyms": [
        "A-Mark Precious Metals"
      ]
    },
    {
      "value": "Barnes \u0026 Noble",
      "synonyms": [
        "Barnes \u0026 Noble"
      ]
    },
    {
      "value": "Dana Holding",
      "synonyms": [
        "Dana Holding"
      ]
    },
    {
      "value": "Constellation Brands",
      "synonyms": [
        "Constellation Brands"
      ]
    },
    {
      "value": "LifePoint Health",
      "synonyms": [
        "LifePoint Health"
      ]
    },
    {
      "value": "Zimmer Biomet Holdings",
      "synonyms": [
        "Zimmer Biomet Holdings"
      ]
    },
    {
      "value": "Harley-Davidson",
      "synonyms": [
        "Harley-Davidson"
      ]
    },
    {
      "value": "PulteGroup",
      "synonyms": [
        "PulteGroup"
      ]
    },
    {
      "value": "Newell Brands",
      "synonyms": [
        "Newell Brands"
      ]
    },
    {
      "value": "Avery Dennison",
      "synonyms": [
        "Avery Dennison"
      ]
    },
    {
      "value": "Jones Lang LaSalle",
      "synonyms": [
        "Jones Lang LaSalle"
      ]
    },
    {
      "value": "WEC Energy Group",
      "synonyms": [
        "WEC Energy Group"
      ]
    },
    {
      "value": "Marathon Oil",
      "synonyms": [
        "Marathon Oil"
      ]
    },
    {
      "value": "TravelCenters of America",
      "synonyms": [
        "TravelCenters of America"
      ]
    },
    {
      "value": "United Rentals",
      "synonyms": [
        "United Rentals"
      ]
    },
    {
      "value": "HRG Group",
      "synonyms": [
        "HRG Group"
      ]
    },
    {
      "value": "Old Republic International",
      "synonyms": [
        "Old Republic International"
      ]
    },
    {
      "value": "Windstream Holdings",
      "synonyms": [
        "Windstream Holdings"
      ]
    },
    {
      "value": "Starwood Hotels \u0026 Resorts",
      "synonyms": [
        "Starwood Hotels \u0026 Resorts"
      ]
    },
    {
      "value": "Delek US Holdings",
      "synonyms": [
        "Delek US Holdings"
      ]
    },
    {
      "value": "Packaging Corp. of America",
      "synonyms": [
        "Packaging Corp. of America"
      ]
    },
    {
      "value": "Quintiles Transnational Holdings",
      "synonyms": [
        "Quintiles Transnational Holdings"
      ]
    },
    {
      "value": "Hanesbrands",
      "synonyms": [
        "Hanesbrands"
      ]
    },
    {
      "value": "Realogy Holdings",
      "synonyms": [
        "Realogy Holdings"
      ]
    },
    {
      "value": "Mattel",
      "synonyms": [
        "Mattel"
      ]
    },
    {
      "value": "Motorola Solutions",
      "synonyms": [
        "Motorola Solutions"
      ]
    },
    {
      "value": "J.M. Smucker",
      "synonyms": [
        "J.M. Smucker"
      ]
    },
    {
      "value": "Regions Financial",
      "synonyms": [
        "Regions Financial"
      ]
    },
    {
      "value": "Celanese",
      "synonyms": [
        "Celanese"
      ]
    },
    {
      "value": "Clorox",
      "synonyms": [
        "Clorox"
      ]
    },
    {
      "value": "Ingredion",
      "synonyms": [
        "Ingredion"
      ]
    },
    {
      "value": "Genesis Healthcare",
      "synonyms": [
        "Genesis Healthcare"
      ]
    },
    {
      "value": "Peabody Energy",
      "synonyms": [
        "Peabody Energy"
      ]
    },
    {
      "value": "Alaska Air Group",
      "synonyms": [
        "Alaska Air Group"
      ]
    },
    {
      "value": "Seaboard",
      "synonyms": [
        "Seaboard"
      ]
    },
    {
      "value": "Frontier Communications",
      "synonyms": [
        "Frontier Communications"
      ]
    },
    {
      "value": "Amphenol",
      "synonyms": [
        "Amphenol"
      ]
    },
    {
      "value": "Lansing Trade Group",
      "synonyms": [
        "Lansing Trade Group"
      ]
    },
    {
      "value": "SanDisk",
      "synonyms": [
        "SanDisk"
      ]
    },
    {
      "value": "St. Jude Medical",
      "synonyms": [
        "St. Jude Medical"
      ]
    },
    {
      "value": "Wyndham Worldwide",
      "synonyms": [
        "Wyndham Worldwide"
      ]
    },
    {
      "value": "Kelly Services",
      "synonyms": [
        "Kelly Services"
      ]
    },
    {
      "value": "Western Union",
      "synonyms": [
        "Western Union"
      ]
    },
    {
      "value": "Envision Healthcare Holdings",
      "synonyms": [
        "Envision Healthcare Holdings"
      ]
    },
    {
      "value": "Visteon",
      "synonyms": [
        "Visteon"
      ]
    },
    {
      "value": "Arthur J. Gallagher",
      "synonyms": [
        "Arthur J. Gallagher"
      ]
    },
    {
      "value": "Host Hotels \u0026 Resorts",
      "synonyms": [
        "Host Hotels \u0026 Resorts"
      ]
    },
    {
      "value": "Ashland",
      "synonyms": [
        "Ashland"
      ]
    },
    {
      "value": "Insight Enterprises",
      "synonyms": [
        "Insight Enterprises"
      ]
    },
    {
      "value": "Energy Future Holdings",
      "synonyms": [
        "Energy Future Holdings"
      ]
    },
    {
      "value": "Markel",
      "synonyms": [
        "Markel"
      ]
    },
    {
      "value": "Essendant",
      "synonyms": [
        "Essendant"
      ]
    },
    {
      "value": "CH2M Hill",
      "synonyms": [
        "CH2M Hill"
      ]
    },
    {
      "value": "Western \u0026 Southern Financial Group",
      "synonyms": [
        "Western \u0026 Southern Financial Group"
      ]
    },
    {
      "value": "Owens Corning",
      "synonyms": [
        "Owens Corning"
      ]
    },
    {
      "value": "S\u0026P Global",
      "synonyms": [
        "S\u0026P Global"
      ]
    },
    {
      "value": "Raymond James Financial",
      "synonyms": [
        "Raymond James Financial"
      ]
    },
    {
      "value": "NiSource",
      "synonyms": [
        "NiSource"
      ]
    },
    {
      "value": "Airgas",
      "synonyms": [
        "Airgas"
      ]
    },
    {
      "value": "ABM Industries",
      "synonyms": [
        "ABM Industries"
      ]
    },
    {
      "value": "Citizens Financial Group",
      "synonyms": [
        "Citizens Financial Group"
      ]
    },
    {
      "value": "Booz Allen Hamilton Holding",
      "synonyms": [
        "Booz Allen Hamilton Holding"
      ]
    },
    {
      "value": "Simon Property Group",
      "synonyms": [
        "Simon Property Group"
      ]
    },
    {
      "value": "Domtar",
      "synonyms": [
        "Domtar"
      ]
    },
    {
      "value": "Rockwell Collins",
      "synonyms": [
        "Rockwell Collins"
      ]
    },
    {
      "value": "Lam Research",
      "synonyms": [
        "Lam Research"
      ]
    },
    {
      "value": "Fiserv",
      "synonyms": [
        "Fiserv"
      ]
    },
    {
      "value": "Spectra Energy",
      "synonyms": [
        "Spectra Energy"
      ]
    },
    {
      "value": "Navient",
      "synonyms": [
        "Navient"
      ]
    },
    {
      "value": "Big Lots",
      "synonyms": [
        "Big Lots"
      ]
    },
    {
      "value": "Telephone \u0026 Data Systems",
      "synonyms": [
        "Telephone \u0026 Data Systems"
      ]
    },
    {
      "value": "First American Financial",
      "synonyms": [
        "First American Financial"
      ]
    },
    {
      "value": "NVR",
      "synonyms": [
        "NVR"
      ]
    },
    {
      "value": "Cincinnati Financial",
      "synonyms": [
        "Cincinnati Financial"
      ]
    },
    {
      "value": "Burlington Stores",
      "synonyms": [
        "Burlington Stores"
      ]
    }
  ],
  "isEnum": false,
  "automatedExpansion": false
}